node,lam,Influence,Stubbornness,Actuator,Noise,Degree,PageRank,Betweenness,SocialPower
0,0.4,70.2429,-1.43394,1.66317,-28.8388,42,0.0885081,0.394886,9.95878
1,0.0438878,-9.97887,9.43095,12.1544,-18.7641,29,0.0574148,0.0696023,0.683499
2,0.0858598,3.30023,7.91375,10.9461,-16.4749,33,0.0627669,0.337121,1.50723
3,0.0697368,-11.1639,10.0545,11.2848,-16.7532,18,0.0372121,0.0606061,0.702159
4,0.00941773,-2.92755,13.5342,7.49124,-12.2559,8,0.020504,0,0.0493736
5,0.0975622,-13.3347,19.8986,11.3071,-17.8257,14,0.0338104,0.03125,0.900482
6,0.076114,-8.14955,18.4432,11.6476,-16.3782,13,0.031529,0.0293561,0.647914
7,0.0786064,-6.6057,9.26706,8.56959,-11.0366,13,0.0264646,0,0.571578
8,0.0128114,1.45365,6.1558,7.54293,-11.1456,17,0.0333816,0.136364,0.111901
9,0.0450386,2.26039,11.6474,2.73106,-10.0141,3,0.00946322,0,0.0984609
10,0.0370798,-5.56402,15.3324,8.98874,-12.7754,8,0.020689,0.00094697,0.20185
11,0.0926765,-0.0934832,19.9361,1.69331,-10.0047,3,0.00978569,0,0.191563
12,0.0643865,-2.21976,14.92,6.19551,-10.3967,4,0.0114749,0,0.1878
13,0.0822762,-3.72367,6.95991,7.08204,-11.1279,17,0.0334742,0.0544508,0.716134
14,0.0443414,-3.9563,11.4057,5.28947,-10.1285,5,0.0129416,0,0.147293
15,0.0227239,-3.27541,11.0811,4.23913,-10.138,7,0.0163763,0,0.0913875
16,0.0554585,-6.67852,20.5499,10.2932,-11.6762,6,0.0167554,0,0.255095
17,0.00638173,1.22162,11.73,3.88776,-10.0213,3,0.00967727,0,0.0141981
18,0.0827631,0.215397,10.8316,2.77625,-10.0167,3,0.00954486,0,0.185431
19,0.0631664,1.32216,7.54983,3.53297,-10.077,5,0.0130775,0,0.19507
20,0.0758088,-4.40138,13.886,5.98592,-10.125,4,0.0112242,0,0.225293
21,0.0354526,-0.627252,10.7352,4.69353,-10.0764,4,0.0113602,0,0.0970783
22,0.0970698,-1.1621,10.2049,3.2988,-10.0626,5,0.0129606,0,0.303933
23,0.0893121,-7.4817,11.5955,10.9526,-14.6326,21,0.041146,0.0113636,1.0778
24,0.0778383,2.92116,13.4508,9.36108,-11.2627,7,0.0166344,0,0.383327
25,0.0194639,-17.9167,19.1714,15.8963,-13.6874,14,0.028673,0.0170455,0.165742
26,0.0466721,-4.97482,14.9395,7.18396,-11.2359,6,0.0152404,0,0.185889
27,0.00438038,-0.73629,10.0103,10.2316,-12.5246,13,0.0272354,0.0340909,0.0324669
28,0.0154289,3.01018,7.95398,6.82057,-10.1789,6,0.0144785,0,0.0571077
29,0.0683049,-5.4528,11.5786,9.82526,-15.2936,13,0.0282718,0.0113636,0.543963
30,0.0744762,3.40503,6.541,6.34698,-10.5763,11,0.0230318,0,0.463262
31,0.096751,-2.41655,11.9291,10.016,-15.8449,21,0.0419855,0.0890152,1.15721
32,0.0325825,-7.78944,10.2844,18.0643,-27.338,38,0.0759264,0.159091,0.691934
33,0.4,41.2778,-1.99102,2.15265,-29.5083,48,0.0969804,0.328598,11.1978
