node,value,rank
0,-5.03124,33
1,-2.11192,31
2,-1.8571,28
3,-1.84172,27
4,-1.28518,20
5,-2.05824,30
6,-1.87149,29
7,-1.15476,15
8,-1.16881,17
9,-1.00313,1
10,-1.3453,22
11,-1.00328,2
12,-1.05148,12
13,-1.17535,18
14,-1.02102,9
15,-1.02707,11
16,-1.24401,19
17,-1.00453,4
18,-1.00393,3
19,-1.01273,6
20,-1.01884,8
21,-1.01224,5
22,-1.01286,7
23,-1.60717,24
24,-1.14941,14
25,-1.50329,23
26,-1.15608,16
27,-1.32959,21
28,-1.0267,10
29,-1.63737,25
30,-1.07871,13
31,-1.72458,26
32,-3.23713,32
33,-5.12951,34
