node,Degree,PageRank,Betweenness,Katz
0,42,0.0885081,0.394886,0.309699
1,29,0.0574148,0.0696023,0.286833
2,33,0.0627669,0.337121,0.338437
3,18,0.0372121,0.0606061,0.195488
4,8,0.020504,0,0.07591
5,14,0.0338104,0.03125,0.0927343
6,13,0.031529,0.0293561,0.0909373
7,13,0.0264646,0,0.175169
8,17,0.0333816,0.136364,0.236433
9,3,0.00946322,0,0.0649279
10,8,0.020689,0.00094697,0.0680358
11,3,0.00978569,0,0.0598924
12,4,0.0114749,0,0.0585257
13,17,0.0334742,0.0544508,0.2302
14,5,0.0129416,0,0.0911447
15,7,0.0163763,0,0.120692
16,6,0.0167554,0,0.0442025
17,3,0.00967727,0,0.0589435
18,3,0.00954486,0,0.0643038
19,5,0.0130775,0,0.0856201
20,4,0.0112242,0,0.0763712
21,4,0.0113602,0,0.0708466
22,5,0.0129606,0,0.0924977
23,21,0.041146,0.0113636,0.218814
24,7,0.0166344,0,0.0692253
25,14,0.028673,0.0170455,0.134234
26,6,0.0152404,0,0.074824
27,13,0.0272354,0.0340909,0.153459
28,6,0.0144785,0,0.0966155
29,13,0.0282718,0.0113636,0.144227
30,11,0.0230318,0,0.159159
31,21,0.0419855,0.0890152,0.212574
32,38,0.0759264,0.159091,0.323397
33,48,0.0969804,0.328598,0.356001
