baseline,ssc_metric,kendall_tau,p_value
Degree,Influence,-0.198961,0.104843
Degree,Stubbornness,0.0748386,0.541835
Degree,Noise,-0.790368,1.17425e-10
Degree,Actuator,0.691801,1.70885e-08
PageRank,Influence,-0.212121,0.0777137
PageRank,Stubbornness,0.115865,0.335252
PageRank,Noise,-0.814617,1.24604e-11
PageRank,Actuator,0.700535,5.67695e-09
Betweenness,Influence,-0.127659,0.325703
Betweenness,Stubbornness,0.0439482,0.735105
Betweenness,Noise,-0.675964,1.95002e-07
Betweenness,Actuator,0.546213,2.60942e-05
Katz,Influence,-0.0659537,0.583346
Katz,Stubbornness,-0.158645,0.187044
Katz,Noise,-0.518717,1.6039e-05
Katz,Actuator,0.440285,0.000250608
Influence,Stubbornness,-0.604278,5.02158e-07
Influence,Noise,0.297683,0.0132982
Influence,Actuator,-0.411765,0.000616053
Stubbornness,Noise,-0.258467,0.0315913
Stubbornness,Actuator,0.351159,0.00349565
Noise,Actuator,-0.757576,2.96901e-10
