metric,k,greedy,greedy_set,SSC,SSC_set,Degree,Degree_set,PageRank,PageRank_set,Betweenness,Betweenness_set,SocialPower,SocialPower_set,BestBaseline,Random
Influence,1,5.65585,0,100,0,61.1141,33,61.1141,33,100,0,61.1141,33,100,1.6542
Influence,2,8.88172,0 33,100,0 33,100.165,33 0,100.165,33 0,59.6168,0 2,100.165,33 0,100.165,1.84316
Influence,3,9.15172,0 33 9,95.8844,0 33 30,89.5059,33 0 32,89.5059,33 0 32,96.6841,0 2 33,96.4874,33 0 2,96.6841,-16.772
Influence,4,9.32262,0 33 9 17,93.6434,0 33 30 2,85.9506,33 0 32 2,85.9506,33 0 32 2,86.1393,0 2 33 32,80.2487,33 0 2 31,86.1393,-10.6479
Influence,5,9.456,0 33 9 17 24,94.0692,0 33 30 2 28,83.7772,33 0 32 2 1,83.7772,33 0 32 2 1,83.6493,0 2 33 32 8,68.773,33 0 2 31 23,83.7772,-9.00008
Stubbornness,1,1.92465,16,100,16,-12.7932,33,-12.7932,33,-9.2064,0,-12.7932,33,-9.2064,52.872
Stubbornness,2,3.80621,16 11,100,16 11,-11.1354,33 0,-11.1354,33 0,15.2969,0 2,-11.1354,33 0,15.2969,54.1512
Stubbornness,3,5.60127,16 11 25,97.8264,16 11 5,10.3377,33 0 32,10.3377,33 0 32,6.08655,0 2 33,6.08655,33 0 2,10.3377,55.9186
Stubbornness,4,7.27454,16 11 25 5,100,16 11 5 25,18.4429,33 0 32 2,18.4429,33 0 32 2,18.4429,0 2 33 32,20.3243,33 0 2 31,20.3243,63.5274
Stubbornness,5,8.6855,16 11 25 5 26,99.7983,16 11 5 25 6,25.4413,33 0 32 2 1,25.4413,33 0 32 2 1,21.9839,0 2 33 32 8,29.5017,33 0 2 31 23,29.5017,61.5281
Actuator,1,1.53346,32,100,32,12.3017,33,12.3017,33,9.47463,0,12.3017,33,12.3017,47.6295
Actuator,2,2.89795,32 25,100,32 25,11.3852,33 0,11.3852,33 0,34.6958,0 2,11.3852,33 0,34.6958,47.9213
Actuator,3,3.97339,32 25 6,97.3383,32 25 1,43.352,33 0 32,43.352,33 0 32,28.9068,0 2 33,28.9068,33 0 2,43.352,48.2358
Actuator,4,4.91077,32 25 6 1,100,32 25 1 6,50.7531,33 0 32 2,50.7531,33 0 32 2,50.7531,0 2 33 32,38.6696,33 0 2 31,50.7531,54.9134
Actuator,5,5.78127,32 25 6 1 16,99.9027,32 25 1 6 5,56.5649,33 0 32 2 1,56.5649,33 0 32 2 1,50.7816,0 2 33 32 8,46.9423,33 0 2 31 23,56.5649,55.302
Noise,1,2.95083,33,100,33,100,33,100,33,97.7312,0,100,33,100,42.454
Noise,2,5.8347,33 0,100,33 0,100,33 0,100,33 0,77.6624,0 2,100,33 0,100,48.9625
Noise,3,8.56851,33 0 32,100,33 0 32,100,33 0 32,100,33 0 32,87.3221,0 2 33,87.3221,33 0 2,100,48.6345
Noise,4,10.4449,33 0 32 1,100,33 0 32 1,97.8084,33 0 32 2,97.8084,33 0 32 2,97.8084,0 2 33 32,86.8048,33 0 2 31,97.8084,49.0101
Noise,5,12.2275,33 0 32 1 5,100,33 0 32 1 5,98.8953,33 0 32 2 1,98.8953,33 0 32 2 1,92.6647,0 2 33 32 8,86.117,33 0 2 31 23,98.8953,57.5054
